booking_id,customer_id,product_name,booking_amount,booking_date,status
1,64,Learning Pro,63947,2026-01-28,Pending
2,90,Marketing Solutions,20386,2026-05-16,Completed
3,54,Sales Navigator,98159,2025-09-01,Cancelled
4,162,Recruiter Pro,85760,2025-11-22,Completed
5,53,Learning Pro,79720,2026-03-16,Pending
6,137,Recruiter Pro,47421,2026-02-06,Cancelled
7,75,Sales Navigator,72425,2026-02-01,Cancelled
8,25,Marketing Solutions,12770,2026-04-21,Pending
9,168,Recruiter Pro,37725,2026-04-26,Completed
10,183,Recruiter Pro,93635,2026-01-16,Pending
11,126,Sales Navigator,87288,2026-04-18,Pending
12,97,Learning Pro,88050,2025-11-10,Completed
13,104,Sales Navigator,96056,2025-10-09,Pending
14,117,Sales Navigator,81278,2025-10-23,Completed
15,199,Marketing Solutions,88209,2026-05-13,Cancelled
16,179,Learning Pro,75048,2025-12-28,Pending
17,56,Recruiter Pro,69843,2025-11-22,Pending
18,83,Sales Navigator,76737,2026-02-04,Cancelled
19,34,Marketing Solutions,50054,2025-09-13,Cancelled
20,196,Learning Pro,18051,2026-06-05,Cancelled
21,118,Learning Pro,25707,2026-06-21,Pending
22,117,Marketing Solutions,31518,2026-06-29,Cancelled
23,34,Sales Navigator,25837,2025-08-01,Pending
24,24,Sales Navigator,37819,2025-07-29,Completed
25,96,Recruiter Pro,11787,2025-07-24,Pending
26,161,Recruiter Pro,61260,2026-01-24,Cancelled
27,24,Learning Pro,5142,2025-07-04,Completed
28,123,Recruiter Pro,82814,2026-05-21,Completed
29,133,Marketing Solutions,6217,2025-07-16,Completed
30,179,Learning Pro,60353,2026-01-05,Cancelled
31,34,Learning Pro,35008,2025-10-28,Pending
32,23,Learning Pro,46071,2026-05-08,Pending
33,77,Marketing Solutions,22451,2026-04-20,Cancelled
34,174,Learning Pro,74534,2026-04-17,Cancelled
35,3,Recruiter Pro,62684,2025-08-21,Pending
36,185,Recruiter Pro,58963,2026-03-12,Cancelled
37,176,Recruiter Pro,16362,2025-11-15,Completed
38,36,Marketing Solutions,51076,2026-04-27,Pending
39,81,Recruiter Pro,41302,2026-04-19,Cancelled
40,22,Sales Navigator,95502,2026-02-22,Completed
41,169,Recruiter Pro,72862,2026-01-26,Cancelled
42,131,Marketing Solutions,43737,2026-03-25,Cancelled
43,14,Marketing Solutions,55578,2026-02-27,Completed
44,62,Learning Pro,74243,2025-10-17,Completed
45,93,Recruiter Pro,55703,2026-01-18,Cancelled
46,108,Recruiter Pro,66736,2025-12-24,Completed
47,5,Learning Pro,6807,2025-09-02,Pending
48,56,Learning Pro,57163,2026-06-09,Cancelled
49,74,Marketing Solutions,60518,2025-08-12,Cancelled
50,103,Recruiter Pro,41368,2026-05-18,Completed
51,80,Recruiter Pro,25365,2026-05-20,Cancelled
52,84,Learning Pro,45654,2025-12-11,Cancelled
53,112,Learning Pro,37044,2026-02-27,Completed
54,112,Marketing Solutions,85254,2026-05-01,Cancelled
55,15,Recruiter Pro,20655,2026-01-22,Completed
56,182,Learning Pro,26473,2026-04-20,Pending
57,89,Sales Navigator,26884,2025-10-05,Pending
58,33,Learning Pro,8847,2026-02-12,Pending
59,110,Learning Pro,39465,2026-02-10,Cancelled
60,148,Learning Pro,70031,2025-08-12,Pending
61,131,Learning Pro,70484,2025-12-27,Cancelled
62,43,Recruiter Pro,38438,2025-12-23,Completed
63,147,Learning Pro,34937,2025-07-19,Cancelled
64,131,Learning Pro,6610,2026-06-28,Completed
65,12,Sales Navigator,55197,2025-10-31,Completed
66,46,Marketing Solutions,34427,2026-06-11,Pending
67,64,Sales Navigator,40554,2025-11-28,Completed
68,147,Learning Pro,70803,2025-12-21,Cancelled
69,14,Recruiter Pro,72603,2026-03-30,Completed
70,103,Marketing Solutions,42002,2026-05-25,Pending
71,84,Marketing Solutions,6044,2026-05-16,Pending
72,52,Sales Navigator,86620,2026-01-31,Completed
73,119,Marketing Solutions,30614,2025-12-23,Cancelled
74,140,Recruiter Pro,5835,2026-02-24,Pending
75,7,Sales Navigator,88354,2026-03-02,Cancelled
76,3,Learning Pro,91154,2026-01-09,Pending
77,189,Learning Pro,31895,2026-01-23,Cancelled
78,61,Marketing Solutions,12850,2025-11-27,Completed
79,183,Learning Pro,10754,2026-02-06,Completed
80,134,Sales Navigator,65091,2025-11-30,Cancelled
81,22,Learning Pro,71247,2025-09-05,Completed
82,164,Learning Pro,82580,2025-12-10,Cancelled
83,16,Recruiter Pro,36034,2025-11-19,Pending
84,67,Marketing Solutions,96845,2026-01-19,Cancelled
85,84,Marketing Solutions,40645,2026-01-18,Completed
86,20,Recruiter Pro,81638,2026-03-18,Completed
87,40,Recruiter Pro,63925,2026-05-06,Pending
88,81,Learning Pro,75244,2025-12-03,Pending
89,198,Marketing Solutions,45410,2026-03-15,Pending
90,68,Learning Pro,25658,2026-04-29,Cancelled
91,78,Learning Pro,33183,2025-07-04,Pending
92,38,Recruiter Pro,51627,2026-05-14,Pending
93,132,Sales Navigator,39100,2026-06-04,Completed
94,8,Marketing Solutions,77869,2025-12-04,Cancelled
95,141,Learning Pro,65560,2026-02-22,Completed
96,36,Learning Pro,13083,2026-04-28,Completed
97,34,Marketing Solutions,53790,2026-03-20,Cancelled
98,162,Learning Pro,81326,2025-08-03,Cancelled
99,67,Learning Pro,13450,2026-05-22,Completed
100,166,Recruiter Pro,17055,2025-11-14,Pending
101,32,Marketing Solutions,11637,2026-06-08,Completed
102,147,Marketing Solutions,70028,2025-11-20,Completed
103,98,Marketing Solutions,27650,2025-07-15,Pending
104,55,Sales Navigator,41681,2026-03-26,Pending
105,39,Recruiter Pro,89840,2026-06-12,Pending
106,128,Marketing Solutions,12992,2025-12-01,Completed
107,72,Recruiter Pro,59949,2025-12-15,Completed
108,165,Recruiter Pro,87674,2025-10-03,Cancelled
109,5,Sales Navigator,67873,2025-12-16,Cancelled
110,125,Sales Navigator,55905,2026-01-04,Pending
111,47,Sales Navigator,83265,2026-06-16,Completed
112,8,Learning Pro,66824,2026-02-06,Cancelled
113,92,Recruiter Pro,25922,2025-09-03,Completed
114,64,Recruiter Pro,39934,2025-07-28,Cancelled
115,189,Recruiter Pro,80457,2026-06-01,Pending
116,91,Recruiter Pro,36005,2026-04-02,Cancelled
117,82,Sales Navigator,82537,2025-07-07,Completed
118,181,Sales Navigator,79403,2025-07-06,Cancelled
119,37,Recruiter Pro,69517,2025-09-14,Cancelled
120,80,Marketing Solutions,9975,2026-04-01,Completed
121,15,Recruiter Pro,7612,2026-03-02,Cancelled
122,123,Sales Navigator,85495,2026-06-29,Completed
123,34,Recruiter Pro,47413,2026-01-06,Completed
124,6,Recruiter Pro,19538,2026-04-15,Cancelled
125,94,Sales Navigator,97345,2026-05-23,Cancelled
126,102,Learning Pro,49113,2025-09-02,Pending
127,83,Recruiter Pro,62261,2026-04-21,Cancelled
128,125,Sales Navigator,27833,2025-08-01,Cancelled
129,144,Sales Navigator,34260,2025-07-09,Cancelled
130,151,Marketing Solutions,45215,2026-04-01,Cancelled
131,177,Recruiter Pro,28292,2026-01-30,Cancelled
132,1,Marketing Solutions,79381,2025-07-05,Completed
133,47,Sales Navigator,85134,2025-08-25,Completed
134,164,Learning Pro,70035,2025-09-13,Completed
135,85,Recruiter Pro,50457,2026-05-21,Pending
136,43,Learning Pro,97925,2025-08-08,Cancelled
137,164,Marketing Solutions,6493,2026-01-09,Pending
138,54,Learning Pro,50938,2026-02-22,Pending
139,28,Learning Pro,55585,2026-06-29,Pending
140,188,Recruiter Pro,59266,2025-11-27,Pending
141,97,Marketing Solutions,18294,2026-01-01,Pending
142,148,Recruiter Pro,26319,2025-07-31,Pending
143,19,Sales Navigator,7631,2026-06-12,Pending
144,67,Learning Pro,49801,2026-05-07,Completed
145,97,Learning Pro,76702,2026-04-08,Completed
146,87,Marketing Solutions,97340,2025-08-29,Completed
147,111,Recruiter Pro,84602,2025-07-30,Pending
148,41,Learning Pro,48397,2026-06-02,Completed
149,49,Sales Navigator,91585,2025-12-02,Pending
150,77,Learning Pro,11505,2026-02-28,Pending
151,147,Marketing Solutions,25131,2025-09-21,Completed
152,93,Marketing Solutions,16485,2026-06-28,Pending
153,170,Marketing Solutions,31171,2025-08-13,Completed
154,7,Recruiter Pro,88648,2026-03-16,Pending
155,21,Learning Pro,45416,2025-10-30,Pending
156,121,Sales Navigator,16945,2025-10-22,Cancelled
157,140,Recruiter Pro,53630,2025-12-13,Pending
158,95,Marketing Solutions,10848,2026-03-26,Pending
159,113,Sales Navigator,34654,2025-11-03,Pending
160,145,Recruiter Pro,96287,2026-05-29,Cancelled
161,25,Sales Navigator,75968,2026-05-17,Pending
162,194,Recruiter Pro,77561,2025-09-01,Completed
163,100,Marketing Solutions,75190,2025-10-05,Cancelled
164,122,Recruiter Pro,67424,2025-09-09,Pending
165,21,Learning Pro,70811,2025-12-09,Cancelled
166,133,Recruiter Pro,20765,2025-09-10,Pending
167,45,Recruiter Pro,30260,2026-04-05,Completed
168,11,Learning Pro,94538,2025-11-25,Pending
169,52,Recruiter Pro,82994,2025-08-12,Pending
170,82,Learning Pro,55868,2026-05-26,Cancelled
171,102,Sales Navigator,41202,2025-09-20,Cancelled
172,118,Marketing Solutions,19748,2026-06-23,Pending
173,39,Learning Pro,18845,2026-04-15,Cancelled
174,200,Sales Navigator,75206,2026-05-09,Pending
175,106,Marketing Solutions,90824,2026-02-14,Pending
176,147,Marketing Solutions,9910,2025-08-22,Completed
177,71,Recruiter Pro,86034,2025-12-05,Cancelled
178,175,Marketing Solutions,10083,2025-07-09,Pending
179,85,Recruiter Pro,11460,2025-07-11,Cancelled
180,122,Sales Navigator,7651,2026-02-12,Pending
181,78,Sales Navigator,69437,2026-01-21,Cancelled
182,176,Recruiter Pro,22614,2026-05-10,Pending
183,191,Sales Navigator,40313,2025-11-15,Cancelled
184,107,Learning Pro,29633,2025-08-24,Pending
185,55,Marketing Solutions,72698,2025-12-03,Pending
186,15,Recruiter Pro,13600,2025-10-09,Pending
187,182,Marketing Solutions,22779,2025-10-13,Cancelled
188,146,Recruiter Pro,30265,2026-06-15,Completed
189,15,Learning Pro,64827,2026-02-22,Completed
190,93,Recruiter Pro,40910,2025-07-04,Pending
191,119,Marketing Solutions,88284,2025-10-14,Completed
192,175,Recruiter Pro,53819,2026-06-14,Pending
193,153,Recruiter Pro,67204,2025-11-13,Cancelled
194,142,Sales Navigator,26432,2026-01-01,Pending
195,192,Learning Pro,42364,2025-07-12,Completed
196,99,Recruiter Pro,80007,2026-06-04,Completed
197,57,Recruiter Pro,93826,2025-08-02,Completed
198,69,Marketing Solutions,72276,2025-07-31,Completed
199,200,Learning Pro,67140,2025-07-15,Completed
200,166,Learning Pro,34329,2026-04-02,Pending
201,156,Sales Navigator,60549,2026-01-24,Pending
202,90,Sales Navigator,33601,2025-11-06,Pending
203,78,Marketing Solutions,81609,2025-07-18,Completed
204,2,Sales Navigator,78591,2025-10-11,Cancelled
205,153,Sales Navigator,44121,2025-08-22,Cancelled
206,28,Learning Pro,49077,2025-10-26,Pending
207,164,Sales Navigator,39229,2026-01-14,Cancelled
208,183,Sales Navigator,29688,2025-07-31,Completed
209,133,Learning Pro,83647,2026-02-26,Pending
210,170,Recruiter Pro,99540,2026-01-17,Completed
211,168,Sales Navigator,39003,2025-10-18,Pending
212,104,Learning Pro,81418,2025-12-13,Cancelled
213,147,Sales Navigator,98502,2026-03-24,Completed
214,176,Marketing Solutions,93063,2025-09-29,Pending
215,130,Recruiter Pro,91194,2026-01-27,Cancelled
216,47,Learning Pro,66706,2026-01-30,Completed
217,190,Recruiter Pro,94091,2026-02-17,Pending
218,168,Recruiter Pro,51567,2026-05-15,Completed
219,191,Marketing Solutions,48426,2026-01-23,Pending
220,67,Sales Navigator,65786,2025-09-03,Completed
221,121,Learning Pro,66894,2026-06-02,Completed
222,129,Marketing Solutions,74446,2026-04-29,Pending
223,106,Recruiter Pro,23004,2026-06-02,Completed
224,88,Marketing Solutions,23772,2025-12-02,Pending
225,184,Learning Pro,68908,2026-03-29,Pending
226,162,Sales Navigator,88165,2026-03-31,Completed
227,2,Sales Navigator,32444,2025-11-10,Completed
228,148,Marketing Solutions,16539,2026-04-09,Completed
229,158,Marketing Solutions,57873,2025-11-19,Pending
230,123,Learning Pro,9944,2025-12-15,Cancelled
231,52,Learning Pro,47233,2025-12-20,Cancelled
232,49,Learning Pro,87141,2026-06-20,Cancelled
233,64,Sales Navigator,45906,2026-03-06,Completed
234,27,Sales Navigator,26891,2025-12-15,Completed
235,12,Sales Navigator,64759,2026-01-28,Cancelled
236,134,Sales Navigator,61841,2025-08-28,Cancelled
237,35,Marketing Solutions,52087,2026-01-05,Completed
238,43,Learning Pro,34939,2025-12-05,Completed
239,187,Recruiter Pro,7872,2026-04-23,Cancelled
240,130,Learning Pro,53049,2026-04-04,Cancelled
241,167,Marketing Solutions,88928,2026-06-10,Pending
242,198,Learning Pro,82846,2025-09-29,Completed
243,170,Learning Pro,11322,2026-05-05,Cancelled
244,30,Marketing Solutions,54840,2025-11-28,Completed
245,141,Marketing Solutions,96995,2026-02-20,Completed
246,53,Learning Pro,44467,2025-07-09,Pending
247,170,Sales Navigator,86631,2026-05-09,Cancelled
248,180,Marketing Solutions,18751,2026-04-20,Cancelled
249,185,Learning Pro,42054,2025-08-17,Completed
250,28,Recruiter Pro,84823,2025-10-18,Completed
251,200,Recruiter Pro,51913,2026-02-15,Cancelled
252,105,Recruiter Pro,10164,2026-01-29,Cancelled
253,128,Marketing Solutions,48332,2026-03-15,Completed
254,1,Learning Pro,19474,2026-06-23,Cancelled
255,172,Recruiter Pro,16807,2025-10-20,Cancelled
256,20,Sales Navigator,89454,2026-05-09,Completed
257,117,Sales Navigator,65853,2026-01-29,Completed
258,26,Learning Pro,43085,2026-04-01,Pending
259,174,Marketing Solutions,20191,2026-01-20,Completed
260,195,Learning Pro,23139,2026-06-06,Cancelled
261,166,Sales Navigator,51861,2026-04-03,Pending
262,160,Learning Pro,53840,2026-02-12,Pending
263,47,Marketing Solutions,57461,2026-05-02,Pending
264,70,Marketing Solutions,60278,2025-12-14,Cancelled
265,43,Recruiter Pro,96248,2026-05-03,Cancelled
266,16,Learning Pro,59529,2026-04-09,Cancelled
267,124,Marketing Solutions,28758,2025-09-11,Cancelled
268,98,Learning Pro,94714,2025-12-28,Cancelled
269,34,Marketing Solutions,19802,2025-10-25,Pending
270,113,Learning Pro,39290,2026-06-06,Cancelled
271,81,Recruiter Pro,92797,2026-06-23,Pending
272,133,Learning Pro,61734,2025-10-05,Cancelled
273,187,Marketing Solutions,50318,2026-02-22,Cancelled
274,174,Marketing Solutions,24484,2025-08-05,Cancelled
275,157,Learning Pro,89331,2026-06-02,Completed
276,130,Marketing Solutions,26679,2025-11-01,Completed
277,193,Sales Navigator,36574,2025-10-21,Pending
278,72,Recruiter Pro,77154,2026-06-04,Cancelled
279,97,Recruiter Pro,15332,2025-12-05,Pending
280,114,Marketing Solutions,16536,2025-09-09,Pending
281,115,Learning Pro,70191,2026-01-19,Cancelled
282,168,Learning Pro,57879,2026-06-20,Pending
283,10,Learning Pro,16913,2025-09-17,Cancelled
284,159,Sales Navigator,71628,2025-08-07,Cancelled
285,53,Marketing Solutions,49676,2025-07-29,Pending
286,14,Marketing Solutions,48512,2026-03-07,Cancelled
287,197,Marketing Solutions,98933,2025-08-16,Cancelled
288,94,Learning Pro,17771,2025-11-10,Cancelled
289,57,Sales Navigator,51548,2026-06-28,Cancelled
290,75,Sales Navigator,97025,2025-09-22,Completed
291,12,Marketing Solutions,23408,2026-04-06,Cancelled
292,191,Learning Pro,38330,2025-12-02,Cancelled
293,51,Learning Pro,56497,2026-03-25,Completed
294,118,Sales Navigator,19125,2026-03-24,Pending
295,12,Learning Pro,64048,2025-08-09,Pending
296,169,Recruiter Pro,70382,2025-09-01,Completed
297,136,Marketing Solutions,81692,2026-06-05,Pending
298,131,Recruiter Pro,21827,2026-03-31,Completed
299,100,Sales Navigator,71074,2025-07-28,Pending
300,108,Recruiter Pro,40860,2025-08-22,Pending
301,88,Marketing Solutions,22481,2026-01-30,Completed
302,106,Sales Navigator,96946,2025-08-25,Cancelled
303,81,Recruiter Pro,31330,2025-06-30,Completed
304,160,Sales Navigator,93129,2026-02-01,Completed
305,182,Recruiter Pro,71046,2025-08-01,Cancelled
306,178,Sales Navigator,98107,2025-08-07,Completed
307,195,Marketing Solutions,81389,2025-12-31,Cancelled
308,171,Marketing Solutions,93374,2025-07-01,Cancelled
309,137,Marketing Solutions,6673,2026-02-03,Cancelled
310,28,Marketing Solutions,24048,2026-06-17,Completed
311,172,Recruiter Pro,39993,2026-06-01,Completed
312,74,Sales Navigator,24192,2025-07-15,Completed
313,177,Recruiter Pro,75932,2026-01-29,Completed
314,92,Learning Pro,85754,2025-11-10,Cancelled
315,190,Recruiter Pro,89819,2025-09-15,Cancelled
316,100,Sales Navigator,95824,2026-02-28,Cancelled
317,13,Marketing Solutions,59600,2025-12-16,Cancelled
318,81,Learning Pro,6699,2025-09-20,Cancelled
319,65,Marketing Solutions,34563,2026-03-18,Cancelled
320,181,Sales Navigator,82120,2025-07-01,Cancelled
321,190,Recruiter Pro,30362,2025-08-25,Pending
322,115,Learning Pro,29507,2026-03-31,Completed
323,189,Learning Pro,54440,2025-10-09,Completed
324,110,Sales Navigator,22048,2026-02-07,Completed
325,150,Learning Pro,48327,2026-02-19,Pending
326,182,Learning Pro,25146,2026-04-11,Pending
327,153,Sales Navigator,69297,2026-06-03,Cancelled
328,141,Learning Pro,97757,2025-12-28,Pending
329,135,Recruiter Pro,73236,2026-03-09,Completed
330,130,Marketing Solutions,76182,2026-04-09,Cancelled
331,104,Sales Navigator,33992,2026-05-13,Completed
332,170,Sales Navigator,52290,2026-01-11,Pending
333,56,Marketing Solutions,78575,2025-08-17,Cancelled
334,3,Sales Navigator,63414,2026-05-02,Completed
335,165,Recruiter Pro,10226,2025-08-19,Cancelled
336,83,Learning Pro,55577,2025-12-16,Pending
337,139,Learning Pro,72746,2026-02-05,Pending
338,132,Marketing Solutions,68806,2025-10-12,Completed
339,76,Recruiter Pro,46984,2025-07-31,Cancelled
340,22,Recruiter Pro,75513,2026-05-11,Cancelled
341,2,Learning Pro,32627,2025-08-13,Cancelled
342,162,Marketing Solutions,18621,2026-03-12,Completed
343,138,Marketing Solutions,89746,2025-07-05,Completed
344,192,Recruiter Pro,8113,2025-07-13,Pending
345,184,Learning Pro,16471,2026-01-11,Completed
346,14,Sales Navigator,78149,2026-03-30,Completed
347,148,Sales Navigator,58429,2026-03-05,Pending
348,116,Marketing Solutions,61757,2025-08-11,Pending
349,5,Learning Pro,75101,2025-12-12,Completed
350,165,Learning Pro,81756,2025-08-17,Completed
351,180,Sales Navigator,70907,2026-05-23,Completed
352,75,Sales Navigator,84503,2025-07-13,Completed
353,73,Marketing Solutions,56788,2025-11-17,Cancelled
354,8,Recruiter Pro,74922,2025-10-30,Completed
355,35,Sales Navigator,88105,2025-12-11,Completed
356,77,Sales Navigator,6461,2025-07-18,Cancelled
357,143,Learning Pro,10475,2026-04-18,Completed
358,147,Marketing Solutions,75405,2025-08-28,Cancelled
359,22,Recruiter Pro,50069,2026-01-24,Completed
360,106,Recruiter Pro,26096,2025-08-03,Completed
361,57,Sales Navigator,30470,2025-08-18,Completed
362,47,Learning Pro,76939,2025-07-21,Pending
363,166,Learning Pro,43096,2025-09-21,Cancelled
364,18,Learning Pro,30875,2026-02-21,Cancelled
365,149,Sales Navigator,51810,2025-10-23,Completed
366,172,Recruiter Pro,18113,2025-07-29,Pending
367,159,Recruiter Pro,46652,2026-05-25,Pending
368,116,Sales Navigator,95892,2026-01-12,Cancelled
369,40,Sales Navigator,46462,2025-09-13,Pending
370,44,Sales Navigator,37266,2026-06-27,Completed
371,183,Marketing Solutions,41264,2025-08-05,Pending
372,35,Sales Navigator,67908,2025-07-17,Pending
373,115,Sales Navigator,68828,2025-12-28,Cancelled
374,28,Learning Pro,41780,2026-04-01,Completed
375,138,Sales Navigator,87132,2026-03-21,Completed
376,187,Learning Pro,71476,2026-05-22,Cancelled
377,8,Marketing Solutions,82337,2025-09-05,Completed
378,10,Sales Navigator,76233,2025-09-20,Cancelled
379,121,Recruiter Pro,52948,2025-07-30,Pending
380,58,Sales Navigator,22548,2025-09-01,Pending
381,129,Learning Pro,57007,2025-10-11,Pending
382,129,Recruiter Pro,85482,2026-06-24,Cancelled
383,43,Recruiter Pro,63487,2025-10-09,Completed
384,46,Recruiter Pro,68373,2025-09-13,Pending
385,11,Marketing Solutions,35375,2026-03-09,Completed
386,68,Recruiter Pro,10610,2025-12-22,Cancelled
387,53,Sales Navigator,55868,2025-10-07,Pending
388,117,Learning Pro,90003,2026-06-06,Pending
389,27,Sales Navigator,39513,2025-07-04,Cancelled
390,140,Recruiter Pro,54369,2025-09-11,Cancelled
391,97,Learning Pro,72720,2025-12-24,Pending
392,97,Marketing Solutions,51255,2026-03-07,Pending
393,125,Learning Pro,70776,2025-10-26,Completed
394,113,Recruiter Pro,15104,2026-04-06,Cancelled
395,165,Recruiter Pro,24692,2026-02-06,Completed
396,41,Learning Pro,91652,2025-12-26,Completed
397,107,Learning Pro,68113,2026-01-11,Cancelled
398,123,Recruiter Pro,82436,2025-10-27,Completed
399,166,Learning Pro,36938,2025-12-01,Completed
400,33,Recruiter Pro,22658,2025-09-09,Cancelled
401,132,Recruiter Pro,12328,2026-06-09,Completed
402,67,Marketing Solutions,83558,2026-03-29,Cancelled
403,164,Sales Navigator,16239,2026-06-20,Completed
404,115,Marketing Solutions,68133,2025-08-23,Completed
405,57,Recruiter Pro,81368,2025-12-01,Completed
406,160,Sales Navigator,26983,2025-07-27,Cancelled
407,176,Marketing Solutions,83188,2026-01-05,Cancelled
408,18,Marketing Solutions,55523,2026-03-04,Completed
409,28,Recruiter Pro,73512,2026-06-21,Cancelled
410,176,Recruiter Pro,84365,2025-11-27,Completed
411,46,Learning Pro,74655,2025-10-29,Cancelled
412,193,Learning Pro,68208,2026-04-30,Cancelled
413,34,Learning Pro,93940,2025-08-25,Cancelled
414,111,Marketing Solutions,53546,2025-10-05,Completed
415,179,Marketing Solutions,35079,2025-10-01,Pending
416,197,Sales Navigator,82207,2025-12-16,Cancelled
417,195,Learning Pro,60769,2025-07-08,Completed
418,66,Recruiter Pro,15986,2025-10-28,Pending
419,154,Marketing Solutions,38791,2025-09-24,Completed
420,2,Learning Pro,80757,2025-07-01,Cancelled
421,31,Learning Pro,54155,2025-10-06,Cancelled
422,53,Sales Navigator,58588,2025-07-12,Pending
423,28,Marketing Solutions,90403,2026-04-11,Cancelled
424,65,Marketing Solutions,79012,2026-02-16,Pending
425,157,Marketing Solutions,31698,2026-02-08,Pending
426,142,Marketing Solutions,28425,2025-09-17,Pending
427,144,Marketing Solutions,38263,2025-09-18,Pending
428,148,Marketing Solutions,23096,2026-01-04,Cancelled
429,31,Marketing Solutions,96660,2026-03-04,Completed
430,26,Marketing Solutions,49359,2026-03-12,Cancelled
431,158,Learning Pro,26068,2025-07-08,Pending
432,163,Learning Pro,24048,2026-06-27,Pending
433,154,Learning Pro,13399,2025-11-19,Pending
434,57,Learning Pro,84826,2025-12-22,Completed
435,186,Marketing Solutions,85473,2025-12-15,Cancelled
436,134,Learning Pro,27973,2026-02-03,Cancelled
437,127,Learning Pro,31438,2025-11-17,Cancelled
438,133,Recruiter Pro,9405,2026-02-03,Cancelled
439,131,Recruiter Pro,85634,2025-10-08,Completed
440,173,Sales Navigator,36359,2026-06-11,Cancelled
441,1,Learning Pro,41167,2026-04-10,Pending
442,91,Marketing Solutions,58143,2025-07-22,Cancelled
443,52,Learning Pro,97225,2025-10-07,Completed
444,24,Sales Navigator,78284,2025-09-21,Cancelled
445,90,Sales Navigator,34661,2026-01-03,Cancelled
446,50,Marketing Solutions,80354,2025-11-09,Completed
447,67,Marketing Solutions,71353,2026-04-01,Completed
448,144,Sales Navigator,49560,2026-05-23,Completed
449,132,Sales Navigator,95989,2026-02-18,Pending
450,97,Marketing Solutions,36886,2025-09-14,Pending
451,199,Marketing Solutions,81916,2025-11-07,Completed
452,124,Sales Navigator,13854,2026-05-01,Pending
453,163,Recruiter Pro,46383,2026-03-09,Pending
454,91,Learning Pro,96857,2025-10-08,Pending
455,64,Learning Pro,57288,2026-02-02,Cancelled
456,192,Learning Pro,77686,2026-01-05,Completed
457,122,Sales Navigator,33647,2026-01-20,Cancelled
458,69,Recruiter Pro,70404,2026-03-28,Cancelled
459,52,Recruiter Pro,39787,2026-03-01,Completed
460,59,Recruiter Pro,86080,2026-03-18,Pending
461,40,Learning Pro,15287,2026-05-06,Cancelled
462,170,Learning Pro,75972,2025-10-20,Completed
463,124,Sales Navigator,69532,2025-12-21,Cancelled
464,71,Recruiter Pro,71995,2025-10-21,Pending
465,102,Recruiter Pro,12097,2026-03-08,Cancelled
466,109,Learning Pro,70860,2025-10-28,Pending
467,101,Recruiter Pro,64925,2025-07-13,Completed
468,179,Marketing Solutions,46373,2025-10-07,Cancelled
469,3,Recruiter Pro,54732,2026-06-23,Cancelled
470,26,Sales Navigator,85318,2026-01-14,Pending
471,48,Sales Navigator,36082,2025-09-22,Pending
472,121,Sales Navigator,52962,2025-08-20,Completed
473,128,Recruiter Pro,59931,2025-11-24,Cancelled
474,193,Sales Navigator,57506,2025-12-21,Pending
475,116,Recruiter Pro,80483,2026-03-29,Cancelled
476,59,Sales Navigator,35907,2026-05-09,Cancelled
477,111,Recruiter Pro,24116,2025-12-16,Cancelled
478,39,Learning Pro,28148,2025-10-30,Pending
479,128,Sales Navigator,68782,2026-04-22,Pending
480,65,Learning Pro,57219,2025-09-15,Completed
481,177,Learning Pro,33241,2026-04-07,Pending
482,122,Learning Pro,63963,2025-08-11,Cancelled
483,86,Sales Navigator,52226,2026-02-16,Cancelled
484,143,Sales Navigator,7599,2026-02-18,Pending
485,32,Recruiter Pro,80609,2026-01-01,Cancelled
486,167,Recruiter Pro,42304,2025-08-01,Pending
487,84,Marketing Solutions,63580,2025-07-20,Completed
488,98,Sales Navigator,65784,2025-08-19,Cancelled
489,38,Sales Navigator,60288,2026-04-05,Cancelled
490,157,Marketing Solutions,14351,2025-09-10,Completed
491,42,Recruiter Pro,46088,2026-01-05,Pending
492,168,Sales Navigator,84349,2026-01-31,Cancelled
493,102,Marketing Solutions,52600,2026-02-11,Cancelled
494,151,Marketing Solutions,59262,2025-10-06,Completed
495,48,Recruiter Pro,35753,2026-06-18,Cancelled
496,65,Learning Pro,32600,2025-07-06,Completed
497,102,Learning Pro,13361,2026-05-08,Pending
498,141,Learning Pro,57037,2026-06-02,Cancelled
499,196,Learning Pro,39400,2026-05-18,Cancelled
500,40,Marketing Solutions,45549,2026-05-17,Completed
501,64,Marketing Solutions,87114,2026-02-04,Completed
502,34,Recruiter Pro,8744,2025-10-03,Completed
503,170,Sales Navigator,67410,2025-12-29,Pending
504,139,Marketing Solutions,22709,2026-02-10,Cancelled
505,139,Marketing Solutions,87712,2026-03-31,Cancelled
506,163,Marketing Solutions,73610,2025-09-14,Cancelled
507,164,Sales Navigator,50504,2025-09-29,Pending
508,139,Learning Pro,62915,2026-03-05,Pending
509,94,Sales Navigator,25410,2025-11-30,Pending
510,3,Recruiter Pro,50073,2026-06-29,Pending
511,121,Learning Pro,95147,2025-09-29,Pending
512,194,Sales Navigator,6197,2025-10-28,Pending
513,75,Recruiter Pro,5946,2025-08-28,Cancelled
514,96,Marketing Solutions,78472,2026-03-25,Pending
515,102,Recruiter Pro,98708,2026-02-22,Cancelled
516,166,Marketing Solutions,33913,2025-12-12,Pending
517,21,Recruiter Pro,72713,2025-11-25,Cancelled
518,178,Sales Navigator,42313,2025-07-14,Cancelled
519,191,Sales Navigator,59120,2025-09-30,Completed
520,18,Recruiter Pro,42957,2026-03-28,Completed
521,164,Marketing Solutions,40669,2025-11-08,Cancelled
522,160,Recruiter Pro,47027,2025-10-21,Completed
523,39,Learning Pro,29371,2026-06-04,Completed
524,73,Recruiter Pro,98742,2026-02-12,Pending
525,187,Recruiter Pro,16822,2026-06-25,Completed
526,4,Recruiter Pro,49815,2025-10-20,Pending
527,80,Sales Navigator,65776,2025-10-17,Cancelled
528,9,Learning Pro,24148,2026-01-11,Completed
529,69,Learning Pro,76197,2025-12-11,Pending
530,47,Sales Navigator,55014,2026-03-23,Completed
531,32,Marketing Solutions,63059,2026-02-22,Completed
532,189,Recruiter Pro,65402,2026-06-12,Cancelled
533,198,Recruiter Pro,66974,2026-05-12,Pending
534,175,Sales Navigator,25789,2026-01-21,Cancelled
535,187,Learning Pro,38202,2026-06-08,Pending
536,164,Recruiter Pro,52241,2026-01-28,Completed
537,171,Learning Pro,35928,2026-03-10,Cancelled
538,112,Learning Pro,26936,2026-01-14,Pending
539,150,Marketing Solutions,36862,2026-04-29,Completed
540,11,Marketing Solutions,95230,2025-09-05,Cancelled
541,40,Learning Pro,37600,2025-12-21,Completed
542,128,Sales Navigator,86937,2026-05-14,Completed
543,16,Recruiter Pro,96924,2025-12-29,Cancelled
544,28,Marketing Solutions,35497,2026-04-26,Pending
545,143,Sales Navigator,62503,2025-08-03,Cancelled
546,50,Marketing Solutions,51945,2026-06-19,Cancelled
547,35,Learning Pro,68609,2026-02-21,Cancelled
548,113,Sales Navigator,76137,2025-09-16,Cancelled
549,126,Recruiter Pro,76253,2026-03-24,Pending
550,83,Sales Navigator,83470,2025-11-02,Cancelled
551,42,Recruiter Pro,63901,2026-05-25,Pending
552,68,Sales Navigator,64517,2025-09-25,Completed
553,199,Marketing Solutions,29318,2025-08-07,Completed
554,159,Recruiter Pro,47034,2025-12-25,Cancelled
555,17,Marketing Solutions,29886,2025-07-27,Cancelled
556,175,Recruiter Pro,85352,2025-10-18,Pending
557,83,Sales Navigator,19478,2025-12-02,Completed
558,134,Learning Pro,10737,2025-07-27,Completed
559,46,Recruiter Pro,19031,2026-06-13,Pending
560,50,Learning Pro,79843,2026-05-10,Cancelled
561,100,Marketing Solutions,73920,2025-07-28,Cancelled
562,180,Sales Navigator,11433,2025-08-31,Pending
563,57,Learning Pro,6715,2025-08-23,Completed
564,168,Learning Pro,66349,2025-10-21,Cancelled
565,16,Marketing Solutions,53374,2025-12-27,Cancelled
566,15,Sales Navigator,74339,2025-08-18,Completed
567,188,Sales Navigator,15215,2026-05-24,Completed
568,133,Learning Pro,35279,2026-05-11,Cancelled
569,99,Recruiter Pro,73969,2026-03-24,Cancelled
570,64,Recruiter Pro,78193,2025-09-11,Cancelled
571,143,Learning Pro,88705,2025-11-29,Cancelled
572,92,Marketing Solutions,97084,2025-07-19,Cancelled
573,110,Recruiter Pro,28644,2026-05-07,Cancelled
574,103,Sales Navigator,91184,2025-10-14,Completed
575,137,Marketing Solutions,51179,2025-08-26,Pending
576,141,Sales Navigator,59046,2026-01-14,Cancelled
577,111,Recruiter Pro,78812,2026-01-15,Cancelled
578,55,Sales Navigator,52187,2025-12-19,Pending
579,115,Learning Pro,9543,2025-12-08,Pending
580,153,Recruiter Pro,44562,2026-06-21,Completed
581,77,Recruiter Pro,46275,2026-03-08,Completed
582,198,Sales Navigator,77569,2025-07-11,Cancelled
583,143,Recruiter Pro,17358,2025-09-10,Completed
584,118,Recruiter Pro,23141,2025-12-29,Pending
585,94,Recruiter Pro,35539,2025-09-04,Pending
586,77,Marketing Solutions,79588,2026-05-13,Completed
587,188,Sales Navigator,68246,2026-05-21,Completed
588,125,Learning Pro,83018,2025-07-11,Cancelled
589,77,Marketing Solutions,15286,2026-06-10,Completed
590,198,Sales Navigator,61925,2026-01-09,Pending
591,31,Learning Pro,88084,2026-03-05,Cancelled
592,98,Sales Navigator,73731,2026-06-02,Completed
593,82,Recruiter Pro,47838,2025-09-26,Cancelled
594,179,Recruiter Pro,11621,2026-03-08,Cancelled
595,188,Marketing Solutions,83005,2025-12-10,Cancelled
596,130,Recruiter Pro,61614,2026-05-14,Pending
597,101,Recruiter Pro,49062,2026-04-15,Completed
598,122,Learning Pro,76847,2025-09-10,Pending
599,68,Marketing Solutions,70774,2026-05-17,Pending
600,199,Recruiter Pro,22677,2025-07-07,Pending
601,144,Marketing Solutions,56815,2026-03-20,Cancelled
602,147,Recruiter Pro,36760,2026-03-21,Completed
603,69,Sales Navigator,94749,2025-11-21,Cancelled
604,23,Marketing Solutions,60514,2026-05-03,Pending
605,90,Sales Navigator,50157,2026-03-24,Cancelled
606,168,Sales Navigator,27184,2026-06-17,Pending
607,158,Recruiter Pro,62732,2025-11-15,Completed
608,60,Sales Navigator,25446,2026-03-19,Cancelled
609,22,Learning Pro,36856,2026-05-03,Cancelled
610,38,Learning Pro,49993,2026-02-02,Cancelled
611,29,Marketing Solutions,66759,2026-01-24,Completed
612,85,Recruiter Pro,31712,2026-03-14,Cancelled
613,134,Marketing Solutions,86663,2026-02-17,Cancelled
614,37,Learning Pro,54362,2025-07-09,Cancelled
615,170,Learning Pro,38483,2025-10-03,Completed
616,16,Recruiter Pro,96295,2026-02-04,Cancelled
617,70,Marketing Solutions,90820,2026-06-02,Completed
618,18,Sales Navigator,91898,2025-12-13,Cancelled
619,93,Learning Pro,43337,2026-05-05,Cancelled
620,99,Marketing Solutions,71655,2026-03-03,Cancelled
621,26,Marketing Solutions,83263,2026-01-19,Cancelled
622,23,Recruiter Pro,70621,2026-03-26,Pending
623,144,Learning Pro,10210,2025-06-30,Completed
624,136,Sales Navigator,69216,2026-01-24,Pending
625,191,Learning Pro,50453,2026-04-10,Cancelled
626,91,Sales Navigator,35959,2025-12-30,Cancelled
627,71,Sales Navigator,55747,2026-05-29,Completed
628,143,Recruiter Pro,24884,2026-02-06,Pending
629,101,Recruiter Pro,16507,2025-07-28,Cancelled
630,98,Recruiter Pro,59700,2025-10-06,Completed
631,147,Marketing Solutions,45944,2026-04-12,Cancelled
632,85,Recruiter Pro,32100,2025-11-12,Cancelled
633,36,Recruiter Pro,23102,2025-09-05,Pending
634,177,Recruiter Pro,61369,2025-07-03,Completed
635,168,Recruiter Pro,46614,2025-09-13,Completed
636,143,Learning Pro,29134,2025-09-30,Pending
637,38,Sales Navigator,59269,2026-06-14,Pending
638,78,Sales Navigator,24917,2025-11-15,Completed
639,28,Recruiter Pro,8433,2026-04-23,Cancelled
640,158,Recruiter Pro,83166,2026-02-13,Completed
641,60,Learning Pro,52089,2025-07-13,Completed
642,177,Recruiter Pro,70840,2025-10-28,Cancelled
643,121,Sales Navigator,29114,2025-06-30,Pending
644,126,Recruiter Pro,26467,2025-10-30,Completed
645,58,Marketing Solutions,6967,2026-06-13,Pending
646,106,Recruiter Pro,31812,2026-03-08,Completed
647,46,Marketing Solutions,95159,2025-11-17,Pending
648,118,Marketing Solutions,58066,2026-02-23,Completed
649,156,Sales Navigator,56662,2025-12-17,Cancelled
650,191,Learning Pro,73242,2025-09-10,Completed
651,116,Learning Pro,37207,2025-11-08,Cancelled
652,138,Learning Pro,78098,2025-12-09,Pending
653,133,Learning Pro,29884,2025-08-11,Pending
654,113,Sales Navigator,42475,2025-12-08,Pending
655,43,Sales Navigator,85364,2025-11-25,Completed
656,177,Recruiter Pro,65762,2025-10-08,Cancelled
657,116,Learning Pro,28562,2026-05-14,Cancelled
658,179,Recruiter Pro,56520,2025-09-23,Pending
659,83,Learning Pro,28445,2025-11-11,Pending
660,152,Recruiter Pro,64596,2025-06-30,Completed
661,65,Recruiter Pro,99158,2026-01-15,Cancelled
662,32,Learning Pro,97566,2026-05-14,Pending
663,163,Learning Pro,73657,2025-12-26,Cancelled
664,99,Recruiter Pro,54634,2025-10-11,Cancelled
665,98,Recruiter Pro,48934,2026-06-07,Cancelled
666,169,Recruiter Pro,23953,2026-04-14,Completed
667,197,Learning Pro,59995,2025-06-30,Pending
668,80,Sales Navigator,87110,2025-11-13,Completed
669,31,Recruiter Pro,5463,2026-04-23,Cancelled
670,196,Learning Pro,65115,2026-02-20,Pending
671,128,Learning Pro,84689,2025-09-24,Pending
672,61,Marketing Solutions,64472,2026-03-10,Pending
673,114,Learning Pro,37075,2026-05-20,Cancelled
674,72,Recruiter Pro,11411,2025-08-16,Completed
675,38,Sales Navigator,9813,2026-06-01,Completed
676,9,Sales Navigator,48399,2025-07-23,Completed
677,13,Marketing Solutions,28363,2026-05-05,Completed
678,173,Recruiter Pro,64682,2026-02-04,Cancelled
679,149,Learning Pro,17206,2025-12-27,Pending
680,83,Marketing Solutions,13869,2025-12-23,Pending
681,141,Sales Navigator,66710,2026-05-27,Completed
682,32,Sales Navigator,48150,2025-07-09,Cancelled
683,106,Recruiter Pro,96203,2025-10-04,Completed
684,157,Learning Pro,79890,2026-05-31,Cancelled
685,162,Learning Pro,68394,2025-10-02,Cancelled
686,177,Sales Navigator,60974,2025-08-24,Cancelled
687,82,Sales Navigator,22001,2026-02-17,Cancelled
688,145,Marketing Solutions,69553,2025-10-18,Completed
689,157,Sales Navigator,30369,2026-03-02,Completed
690,31,Marketing Solutions,86980,2026-06-17,Completed
691,189,Marketing Solutions,59269,2026-03-15,Completed
692,86,Recruiter Pro,6480,2026-01-01,Cancelled
693,52,Sales Navigator,38347,2025-07-11,Completed
694,79,Sales Navigator,5803,2026-01-27,Completed
695,176,Sales Navigator,56910,2026-01-10,Cancelled
696,146,Learning Pro,28020,2025-08-18,Completed
697,85,Marketing Solutions,67193,2026-01-07,Completed
698,166,Marketing Solutions,25366,2026-04-21,Cancelled
699,118,Sales Navigator,65616,2025-09-28,Pending
700,191,Sales Navigator,79048,2026-06-01,Cancelled
701,174,Learning Pro,32297,2026-01-19,Cancelled
702,176,Sales Navigator,13678,2026-01-11,Completed
703,72,Sales Navigator,54183,2026-06-14,Cancelled
704,137,Marketing Solutions,29560,2026-04-06,Cancelled
705,30,Sales Navigator,98040,2026-01-23,Completed
706,70,Learning Pro,70149,2025-11-30,Completed
707,96,Sales Navigator,33329,2025-11-10,Cancelled
708,78,Learning Pro,54049,2026-04-01,Completed
709,200,Learning Pro,63166,2026-03-18,Cancelled
710,7,Recruiter Pro,29931,2025-10-25,Pending
711,124,Sales Navigator,47904,2025-10-04,Completed
712,197,Recruiter Pro,31894,2026-05-10,Cancelled
713,10,Marketing Solutions,98543,2025-11-06,Cancelled
714,30,Sales Navigator,10771,2026-06-27,Cancelled
715,153,Sales Navigator,66194,2026-05-16,Completed
716,27,Sales Navigator,7946,2025-10-06,Cancelled
717,195,Recruiter Pro,47058,2026-01-21,Completed
718,50,Sales Navigator,74766,2026-02-03,Pending
719,198,Learning Pro,40737,2025-11-16,Completed
720,41,Learning Pro,6999,2026-02-09,Cancelled
721,144,Learning Pro,32076,2025-10-09,Cancelled
722,90,Sales Navigator,40527,2025-09-21,Completed
723,181,Recruiter Pro,27449,2026-02-04,Completed
724,80,Sales Navigator,75854,2025-08-20,Pending
725,13,Learning Pro,66700,2026-04-24,Cancelled
726,13,Marketing Solutions,12051,2026-05-06,Completed
727,110,Recruiter Pro,97363,2025-12-11,Cancelled
728,152,Marketing Solutions,85781,2025-08-11,Pending
729,80,Recruiter Pro,98441,2026-01-10,Cancelled
730,137,Marketing Solutions,79421,2026-05-20,Completed
731,24,Marketing Solutions,17748,2025-07-07,Pending
732,80,Marketing Solutions,66675,2025-07-14,Completed
733,58,Sales Navigator,52638,2026-04-17,Pending
734,47,Sales Navigator,47567,2025-07-06,Pending
735,125,Learning Pro,67303,2026-06-14,Completed
736,90,Marketing Solutions,27387,2025-10-27,Pending
737,197,Recruiter Pro,71577,2026-01-02,Completed
738,104,Sales Navigator,77895,2026-05-06,Cancelled
739,19,Marketing Solutions,57535,2026-01-26,Cancelled
740,106,Recruiter Pro,76820,2026-02-27,Completed
741,124,Learning Pro,49658,2025-12-15,Completed
742,178,Marketing Solutions,62062,2025-08-31,Cancelled
743,88,Recruiter Pro,27686,2025-09-24,Cancelled
744,172,Marketing Solutions,19984,2026-05-21,Cancelled
745,153,Sales Navigator,77756,2025-11-04,Completed
746,114,Sales Navigator,58188,2026-03-31,Completed
747,154,Marketing Solutions,47914,2026-05-05,Pending
748,166,Learning Pro,16866,2025-07-26,Completed
749,36,Learning Pro,24231,2025-09-05,Cancelled
750,39,Sales Navigator,56115,2025-11-10,Cancelled
751,148,Recruiter Pro,31956,2025-11-13,Cancelled
752,82,Sales Navigator,61980,2026-01-27,Cancelled
753,89,Learning Pro,85149,2026-05-15,Cancelled
754,104,Sales Navigator,13180,2026-04-25,Pending
755,141,Learning Pro,97190,2026-06-02,Cancelled
756,92,Sales Navigator,9087,2026-05-04,Completed
757,111,Marketing Solutions,86948,2025-07-05,Pending
758,183,Marketing Solutions,55012,2025-12-16,Pending
759,140,Recruiter Pro,67242,2026-03-13,Completed
760,49,Marketing Solutions,52223,2025-09-18,Pending
761,40,Recruiter Pro,22600,2026-02-02,Completed
762,19,Learning Pro,23873,2025-08-02,Cancelled
763,125,Marketing Solutions,22796,2025-07-28,Completed
764,36,Marketing Solutions,64772,2025-08-05,Cancelled
765,155,Recruiter Pro,64558,2025-11-24,Cancelled
766,109,Marketing Solutions,55425,2025-09-20,Pending
767,58,Marketing Solutions,84242,2026-03-26,Completed
768,148,Recruiter Pro,98340,2025-10-17,Cancelled
769,69,Sales Navigator,9385,2025-12-01,Completed
770,146,Sales Navigator,19832,2025-10-25,Cancelled
771,124,Learning Pro,23623,2025-07-11,Cancelled
772,188,Sales Navigator,65940,2025-10-03,Cancelled
773,21,Learning Pro,37142,2025-10-05,Pending
774,162,Learning Pro,94662,2025-07-25,Cancelled
775,139,Sales Navigator,85352,2025-09-06,Completed
776,88,Learning Pro,66455,2025-09-29,Pending
777,132,Sales Navigator,60183,2025-11-01,Pending
778,76,Recruiter Pro,9630,2026-02-01,Cancelled
779,153,Sales Navigator,13050,2026-01-25,Cancelled
780,122,Recruiter Pro,80085,2025-09-06,Completed
781,169,Learning Pro,42593,2026-01-31,Pending
782,22,Learning Pro,41418,2026-04-26,Pending
783,34,Sales Navigator,41073,2025-08-18,Pending
784,4,Recruiter Pro,82564,2026-05-03,Cancelled
785,39,Marketing Solutions,53466,2025-07-27,Completed
786,67,Recruiter Pro,68559,2025-07-06,Completed
787,136,Sales Navigator,16062,2026-06-13,Completed
788,153,Marketing Solutions,59125,2026-04-12,Pending
789,61,Marketing Solutions,88568,2025-07-26,Completed
790,54,Sales Navigator,12120,2025-09-07,Cancelled
791,68,Learning Pro,26967,2026-05-01,Pending
792,103,Sales Navigator,67425,2025-10-29,Cancelled
793,193,Recruiter Pro,54781,2025-09-30,Cancelled
794,181,Marketing Solutions,39422,2025-12-12,Completed
795,136,Learning Pro,42852,2025-11-19,Pending
796,98,Sales Navigator,74501,2025-07-17,Cancelled
797,11,Sales Navigator,61595,2026-05-11,Cancelled
798,167,Sales Navigator,40432,2026-02-10,Pending
799,26,Marketing Solutions,65438,2026-02-19,Cancelled
800,192,Recruiter Pro,73151,2026-02-26,Pending
801,174,Recruiter Pro,46060,2025-07-11,Cancelled
802,3,Learning Pro,13906,2025-07-20,Completed
803,106,Learning Pro,94849,2026-05-10,Pending
804,90,Sales Navigator,38016,2026-03-09,Completed
805,9,Learning Pro,12455,2026-06-17,Cancelled
806,169,Learning Pro,97808,2026-03-10,Completed
807,23,Recruiter Pro,54277,2025-08-24,Cancelled
808,196,Recruiter Pro,19528,2025-08-02,Cancelled
809,48,Sales Navigator,66204,2026-02-20,Cancelled
810,20,Marketing Solutions,41226,2025-08-06,Pending
811,178,Sales Navigator,38729,2025-07-23,Completed
812,200,Sales Navigator,13177,2026-05-23,Pending
813,100,Learning Pro,38847,2026-01-10,Pending
814,46,Learning Pro,69450,2025-11-16,Completed
815,157,Recruiter Pro,89604,2025-12-10,Pending
816,28,Marketing Solutions,33624,2026-04-17,Cancelled
817,165,Marketing Solutions,98768,2026-05-06,Pending
818,27,Learning Pro,14229,2026-06-12,Cancelled
819,187,Marketing Solutions,7459,2026-02-21,Pending
820,39,Learning Pro,9959,2025-07-30,Cancelled
821,100,Recruiter Pro,96757,2026-02-13,Pending
822,101,Learning Pro,72552,2025-09-08,Cancelled
823,198,Marketing Solutions,62154,2025-10-21,Pending
824,187,Recruiter Pro,5433,2026-05-25,Pending
825,177,Learning Pro,79349,2025-10-26,Cancelled
826,92,Sales Navigator,57509,2026-01-10,Completed
827,162,Learning Pro,52887,2025-08-02,Cancelled
828,88,Marketing Solutions,43005,2026-05-19,Cancelled
829,52,Learning Pro,55353,2026-03-31,Cancelled
830,49,Marketing Solutions,18994,2026-01-27,Cancelled
831,177,Marketing Solutions,16123,2025-12-28,Cancelled
832,113,Recruiter Pro,9679,2026-03-24,Completed
833,7,Recruiter Pro,69124,2025-08-30,Pending
834,17,Sales Navigator,70494,2025-09-26,Cancelled
835,116,Learning Pro,49470,2026-06-21,Completed
836,87,Marketing Solutions,20491,2026-06-08,Completed
837,168,Marketing Solutions,93877,2025-07-23,Cancelled
838,39,Recruiter Pro,14441,2025-09-06,Completed
839,189,Marketing Solutions,90699,2026-04-18,Completed
840,121,Learning Pro,36808,2025-08-17,Cancelled
841,167,Learning Pro,27577,2026-04-24,Cancelled
842,13,Learning Pro,64793,2026-01-23,Cancelled
843,44,Learning Pro,18937,2025-08-31,Completed
844,128,Recruiter Pro,13271,2025-08-29,Completed
845,110,Marketing Solutions,47498,2026-01-08,Completed
846,176,Recruiter Pro,47151,2025-09-08,Completed
847,196,Recruiter Pro,48975,2026-06-06,Completed
848,31,Recruiter Pro,59415,2026-02-09,Completed
849,179,Recruiter Pro,62496,2025-12-22,Completed
850,149,Recruiter Pro,18102,2026-06-09,Cancelled
851,157,Recruiter Pro,7048,2025-12-19,Pending
852,21,Learning Pro,28516,2026-06-26,Completed
853,181,Sales Navigator,59555,2025-07-31,Cancelled
854,198,Recruiter Pro,32021,2025-10-29,Completed
855,164,Marketing Solutions,59005,2026-02-11,Completed
856,45,Learning Pro,83154,2025-08-21,Completed
857,184,Learning Pro,87207,2025-10-17,Pending
858,90,Learning Pro,78100,2025-11-27,Completed
859,50,Learning Pro,86123,2026-04-30,Pending
860,195,Recruiter Pro,65845,2025-09-26,Cancelled
861,169,Sales Navigator,11955,2026-03-15,Completed
862,29,Marketing Solutions,70210,2026-04-14,Completed
863,41,Learning Pro,12081,2025-07-21,Cancelled
864,94,Recruiter Pro,61973,2026-02-04,Pending
865,86,Marketing Solutions,10677,2025-08-18,Completed
866,190,Recruiter Pro,25715,2026-06-03,Completed
867,125,Learning Pro,14287,2025-10-09,Completed
868,185,Sales Navigator,59927,2025-11-14,Completed
869,192,Sales Navigator,35154,2025-07-18,Completed
870,84,Learning Pro,36079,2026-03-05,Cancelled
871,106,Marketing Solutions,33922,2026-03-19,Completed
872,121,Marketing Solutions,12122,2025-09-03,Pending
873,38,Marketing Solutions,28338,2026-03-11,Pending
874,96,Marketing Solutions,99348,2026-04-21,Completed
875,162,Sales Navigator,31504,2025-12-28,Pending
876,33,Learning Pro,41779,2026-06-13,Completed
877,29,Marketing Solutions,59817,2025-11-03,Completed
878,195,Recruiter Pro,43687,2026-01-05,Cancelled
879,41,Recruiter Pro,80775,2025-08-07,Cancelled
880,59,Marketing Solutions,73389,2026-05-16,Pending
881,56,Marketing Solutions,65655,2025-08-31,Pending
882,4,Recruiter Pro,37483,2025-11-22,Pending
883,112,Recruiter Pro,82564,2025-09-06,Completed
884,147,Marketing Solutions,10796,2026-06-27,Completed
885,121,Learning Pro,60797,2025-10-14,Cancelled
886,101,Learning Pro,64302,2025-10-27,Pending
887,62,Learning Pro,95853,2026-05-18,Cancelled
888,105,Recruiter Pro,51976,2026-03-10,Pending
889,62,Learning Pro,7087,2025-08-02,Pending
890,172,Recruiter Pro,97183,2026-01-24,Pending
891,147,Learning Pro,64616,2025-09-04,Pending
892,198,Marketing Solutions,29241,2026-04-20,Pending
893,161,Learning Pro,87222,2025-11-04,Completed
894,99,Sales Navigator,74588,2025-07-11,Completed
895,76,Sales Navigator,96495,2025-11-23,Cancelled
896,139,Recruiter Pro,94740,2025-09-08,Completed
897,159,Learning Pro,72467,2026-01-09,Cancelled
898,94,Learning Pro,55194,2026-06-03,Pending
899,120,Learning Pro,52916,2025-08-17,Pending
900,45,Learning Pro,78499,2025-08-02,Cancelled
901,199,Recruiter Pro,48899,2026-03-17,Completed
902,139,Marketing Solutions,81037,2026-05-02,Cancelled
903,54,Sales Navigator,51230,2026-03-06,Pending
904,129,Marketing Solutions,41325,2025-07-16,Completed
905,17,Sales Navigator,64298,2025-12-21,Pending
906,129,Learning Pro,66625,2025-10-03,Cancelled
907,137,Sales Navigator,64241,2025-07-17,Cancelled
908,95,Learning Pro,29687,2025-07-20,Pending
909,23,Marketing Solutions,28437,2026-05-19,Pending
910,20,Recruiter Pro,41168,2026-05-05,Completed
911,179,Marketing Solutions,24726,2026-04-15,Completed
912,134,Learning Pro,43426,2025-08-12,Pending
913,175,Recruiter Pro,67115,2025-09-25,Pending
914,108,Learning Pro,43209,2025-11-14,Completed
915,17,Recruiter Pro,73107,2026-06-18,Cancelled
916,86,Sales Navigator,90951,2025-12-01,Cancelled
917,84,Marketing Solutions,65031,2025-10-24,Pending
918,146,Sales Navigator,27509,2026-04-23,Pending
919,59,Sales Navigator,42767,2025-10-25,Completed
920,38,Sales Navigator,64759,2025-12-31,Completed
921,159,Sales Navigator,28891,2026-04-08,Completed
922,182,Recruiter Pro,26135,2025-07-10,Completed
923,30,Sales Navigator,80304,2026-06-08,Completed
924,113,Sales Navigator,29182,2026-02-16,Completed
925,144,Learning Pro,92235,2025-07-02,Pending
926,89,Sales Navigator,63776,2026-04-15,Cancelled
927,42,Sales Navigator,20923,2025-09-29,Completed
928,104,Recruiter Pro,65036,2025-10-17,Pending
929,40,Sales Navigator,89835,2026-06-27,Cancelled
930,76,Sales Navigator,80199,2025-10-30,Cancelled
931,38,Marketing Solutions,49392,2025-09-13,Cancelled
932,29,Learning Pro,23274,2025-10-27,Cancelled
933,142,Sales Navigator,8250,2026-05-01,Pending
934,159,Marketing Solutions,51844,2026-03-09,Completed
935,84,Recruiter Pro,81471,2026-06-01,Cancelled
936,57,Recruiter Pro,7955,2026-02-07,Completed
937,138,Learning Pro,72081,2025-11-13,Pending
938,50,Sales Navigator,84058,2025-10-21,Cancelled
939,131,Sales Navigator,57108,2026-06-01,Completed
940,184,Sales Navigator,55608,2025-11-23,Pending
941,4,Sales Navigator,51052,2026-02-04,Pending
942,115,Learning Pro,33271,2025-09-15,Cancelled
943,114,Marketing Solutions,42831,2025-11-29,Completed
944,187,Marketing Solutions,23293,2025-11-24,Cancelled
945,154,Recruiter Pro,32234,2026-05-16,Pending
946,122,Sales Navigator,13665,2025-10-04,Cancelled
947,194,Learning Pro,5867,2025-12-19,Pending
948,164,Marketing Solutions,27923,2026-02-10,Cancelled
949,119,Recruiter Pro,31117,2025-07-01,Completed
950,98,Marketing Solutions,10535,2026-02-01,Pending
951,150,Marketing Solutions,78306,2026-01-25,Cancelled
952,119,Learning Pro,5320,2026-03-07,Completed
953,68,Marketing Solutions,21276,2026-01-27,Cancelled
954,171,Marketing Solutions,28510,2026-02-02,Pending
955,177,Recruiter Pro,8728,2025-08-03,Completed
956,196,Marketing Solutions,13745,2026-02-08,Cancelled
957,191,Marketing Solutions,79130,2025-12-26,Pending
958,67,Marketing Solutions,95996,2025-08-12,Completed
959,96,Learning Pro,39018,2025-10-10,Completed
960,149,Recruiter Pro,46901,2026-05-31,Pending
961,178,Sales Navigator,26405,2026-04-21,Completed
962,70,Marketing Solutions,88394,2025-12-27,Pending
963,13,Sales Navigator,74417,2026-02-01,Cancelled
964,20,Recruiter Pro,87317,2025-10-09,Completed
965,196,Recruiter Pro,76265,2026-05-12,Pending
966,81,Sales Navigator,40580,2025-07-14,Cancelled
967,179,Sales Navigator,17561,2025-07-12,Cancelled
968,149,Recruiter Pro,6690,2025-12-31,Completed
969,133,Sales Navigator,68556,2026-02-05,Pending
970,88,Learning Pro,33557,2026-04-07,Completed
971,129,Recruiter Pro,78224,2026-03-08,Cancelled
972,177,Learning Pro,59702,2025-10-03,Pending
973,20,Recruiter Pro,7277,2026-05-01,Pending
974,90,Sales Navigator,23220,2026-01-21,Pending
975,153,Sales Navigator,27571,2025-10-05,Cancelled
976,78,Learning Pro,34144,2026-06-15,Completed
977,178,Recruiter Pro,45295,2026-04-18,Completed
978,54,Learning Pro,60680,2026-04-24,Cancelled
979,196,Learning Pro,7464,2026-05-03,Pending
980,194,Learning Pro,30736,2025-11-21,Completed
981,9,Learning Pro,66483,2025-07-27,Completed
982,65,Learning Pro,44537,2026-06-07,Cancelled
983,3,Learning Pro,83878,2026-05-11,Completed
984,151,Recruiter Pro,92896,2026-03-19,Pending
985,8,Recruiter Pro,41356,2026-05-14,Cancelled
986,90,Recruiter Pro,70619,2025-12-31,Cancelled
987,157,Learning Pro,17989,2026-02-26,Cancelled
988,196,Recruiter Pro,98822,2026-06-22,Completed
989,73,Learning Pro,17934,2026-04-03,Completed
990,130,Marketing Solutions,53033,2025-07-02,Cancelled
991,151,Marketing Solutions,93280,2026-03-27,Completed
992,47,Marketing Solutions,60586,2025-12-30,Completed
993,132,Marketing Solutions,19790,2026-03-05,Pending
994,32,Learning Pro,73121,2025-11-03,Completed
995,127,Sales Navigator,78024,2025-12-27,Cancelled
996,11,Sales Navigator,69711,2026-05-18,Completed
997,99,Marketing Solutions,83694,2026-02-04,Cancelled
998,80,Marketing Solutions,34605,2025-07-13,Cancelled
999,105,Marketing Solutions,29744,2026-02-01,Completed
1000,122,Sales Navigator,28500,2025-07-17,Completed
